City_ID,city_id,city_name,latitude,longitude,temp,humidity,cloudiness,wind_speed,country,date
0,3464724,Tuktoyaktuk,69.45,-133.04,-31.0,73,5,8.05,CA,1609466674
1,3464724,Colac,-38.33,143.58,73.99,78,32,4.0,AU,1609466405
2,3464724,Broken Hill,-31.95,141.43,86.0,35,40,8.05,AU,1609466674
3,3464724,Tataouine,32.93,10.45,42.8,48,100,2.64,TN,1609466674
4,3464724,Katsuura,35.13,140.3,50.0,40,0,5.99,JP,1609466675
5,3464724,Port Hardy,50.7,-127.42,46.4,87,90,8.05,CA,1609466515
6,3464724,Ushuaia,-54.8,-68.3,50.0,76,40,18.34,AR,1609466675
7,3464724,Thompson,55.74,-97.86,3.2,84,90,5.82,CA,1609466675
8,3464724,Batagay-Alyta,67.8,130.41,-20.61,81,52,2.89,RU,1609466675
9,3464724,Jamestown,42.1,-79.24,28.99,79,90,3.36,US,1609466676
10,3464724,Rimouski,48.45,-68.52,24.8,58,90,21.92,CA,1609466676
11,3464724,Barcelos,41.54,-8.62,41.0,93,0,5.53,PT,1609466676
12,3464724,Samarai,-10.62,150.67,86.54,69,100,14.29,PG,1609466676
13,3464724,St Albans,51.75,-0.33,32.0,96,9,5.1,GB,1609466676
14,3464724,Lubango,-14.92,13.49,58.26,84,98,3.02,AO,1609466676
15,3464724,Chui,-33.7,-53.46,58.78,65,0,2.24,UY,1609466676
16,3464724,Saint-Joseph,-21.37,55.62,77.0,69,20,18.34,RE,1609466676
17,3464724,Norman Wells,65.28,-126.83,-7.6,69,90,11.41,CA,1609466677
18,3464724,Vila Velha,-20.33,-40.29,77.0,78,0,8.05,BR,1609466677
19,3464724,Atuona,-9.8,-139.03,78.04,75,2,16.28,PF,1609466457
20,3464724,Alofi,-19.06,-169.92,77.0,94,75,2.24,NU,1609466677
21,3464724,Bredasdorp,-34.53,20.04,57.2,76,91,3.36,ZA,1609466677
22,3464724,Ceres,37.59,-120.96,54.0,54,1,10.29,US,1609466677
23,3464724,Saskylakh,71.92,114.08,-20.33,84,100,16.08,RU,1609466677
24,3464724,Cape Town,-33.93,18.42,64.0,55,20,16.11,ZA,1609466385
25,3464724,Burnie,-41.07,145.92,64.0,67,53,15.99,AU,1609466678
26,3464724,Arrifes,37.77,-25.7,55.4,82,20,9.17,PT,1609466678
27,3464724,Punta Arenas,-53.15,-70.92,55.4,82,100,12.75,CL,1609466678
28,3464724,San Quintín,30.48,-115.95,57.74,71,20,15.84,MX,1609466678
29,3464724,Albany,42.6,-73.97,36.0,65,17,6.06,US,1609466678
30,3464724,Letlhakeng,-24.09,25.03,73.33,73,99,11.27,BW,1609466679
31,3464724,Kapaa,22.08,-159.32,78.8,69,40,18.34,US,1609466381
32,3464724,Mataura,-46.19,168.86,62.01,75,96,4.0,NZ,1609466679
33,3464724,Gizo Government Station,-8.1,156.84,86.05,64,44,9.95,SB,1609466679
34,3464724,Boa Vista,2.82,-60.67,80.6,74,20,5.82,BR,1609466679
35,3464724,Codrington,-38.27,141.97,80.04,51,0,6.06,AU,1609466680
36,3464724,Cherskiy,68.75,161.3,-43.71,80,52,2.84,RU,1609466680
37,3464724,Koshurnikovo,54.17,93.3,-13.58,90,89,1.61,RU,1609466680
38,3464724,Rikitea,-23.12,-134.97,78.21,70,9,10.71,PF,1609466457
39,3464724,Faanui,-16.48,-151.75,81.36,76,100,22.17,PF,1609466680
40,3464724,Mount Isa,-20.73,139.5,89.6,52,75,11.41,AU,1609466680
41,3464724,Busselton,-33.65,115.33,72.0,68,0,4.0,AU,1609466680
42,3464724,Abhā,18.22,42.51,51.8,93,0,1.68,SA,1609466681
43,3464724,New Norfolk,-42.78,147.06,66.99,54,100,3.0,AU,1609466681
44,3464724,Hermanus,-34.42,19.23,55.0,89,51,11.88,ZA,1609466681
45,3464724,Puerto Ayora,-0.74,-90.35,72.36,87,38,6.22,EC,1609466681
46,3464724,Basqal,40.76,48.39,33.8,87,90,2.24,AZ,1609466681
47,3464724,Ust-Kuyga,70.02,135.6,-18.17,86,100,4.32,RU,1609466681
48,3464724,Fujinomiya,35.22,138.62,46.0,47,0,1.01,JP,1609466541
49,3464724,Dakoro,14.51,6.76,67.01,22,0,8.1,NE,1609466682
50,3464724,Saint-Philippe,-21.36,55.77,77.0,69,20,18.34,RE,1609466682
51,3464724,Mayumba,-3.43,10.66,76.23,90,69,4.25,GA,1609466682
52,3464724,Mt. Pleasant,32.79,-79.86,66.99,100,90,8.66,US,1609466594
53,3464724,Oskarshamn,57.26,16.45,35.01,96,100,5.1,SE,1609466412
54,3464724,Pisco,-13.7,-76.22,69.8,88,0,17.22,PE,1609466682
55,3464724,Yellowknife,62.46,-114.35,-0.4,84,90,4.32,CA,1609466683
56,3464724,Luau,-10.71,22.22,63.28,98,100,3.15,AO,1609466683
57,3464724,Barrow,71.29,-156.79,-16.6,68,1,13.87,US,1609466683
58,3464724,Moerai,-22.43,-151.33,80.64,73,100,12.84,PF,1609466683
59,3464724,Clemmons,36.02,-80.38,48.99,100,1,2.53,US,1609466683
60,3464724,Whitecourt,54.15,-115.69,23.0,92,90,5.82,CA,1609466683
61,3464724,Pevek,69.7,170.31,-19.35,88,100,11.05,RU,1609466683
62,3464724,Tacuatí,-23.45,-56.58,75.42,94,55,1.16,PY,1609466684
63,3464724,Syas'stroy,60.14,32.57,32.2,98,92,5.95,RU,1609466684
64,3464724,Port Alfred,-33.59,26.89,69.01,80,55,8.01,ZA,1609466684
65,3464724,Carnarvon,-24.87,113.63,80.6,74,29,10.29,AU,1609466450
66,3464724,Matata,-37.88,176.75,78.01,43,0,3.0,NZ,1609466684
67,3464724,Fort Portal,0.66,30.27,62.06,87,100,1.9,UG,1609466684
68,3464724,Fortuna,40.6,-124.16,50.0,93,90,9.17,US,1609466685
69,3464724,Umm Kaddadah,13.6,26.69,65.55,25,20,14.47,SD,1609466685
70,3464724,Hilo,19.73,-155.09,80.6,61,75,4.7,US,1609466456
71,3464724,Upernavik,72.79,-56.15,24.67,96,100,32.64,GL,1609466685
72,3464724,Hobart,-42.88,147.33,66.99,59,75,12.75,AU,1609466394
73,3464724,Saint George,37.1,-113.58,39.0,64,1,5.82,US,1609466686
74,3464724,Igarka,67.47,86.58,-20.18,75,41,5.32,RU,1609466423
75,3464724,Smolenka,52.14,113.5,-23.8,74,0,1.97,RU,1609466686
76,3464724,Kahului,20.89,-156.47,77.0,69,40,16.11,US,1609466686
77,3464724,Katherine,-14.47,132.27,87.8,62,6,10.29,AU,1609466687
78,3464724,Kumul,42.8,93.45,13.96,79,100,2.13,CN,1609466438
79,3464724,Kichera,55.94,110.1,-14.42,75,0,6.15,RU,1609466688
80,3464724,Quelimane,-17.88,36.89,77.83,87,9,6.53,MZ,1609466688
81,3464724,Harbour Breton,47.48,-55.8,36.79,82,92,15.93,CA,1609466448
82,3464724,Ribeira Grande,38.52,-28.7,60.24,79,14,17.34,PT,1609466688
83,3464724,Sakakah,29.97,40.21,46.4,87,0,3.36,SA,1609466688
84,3464724,Kodarmā,24.47,85.6,54.23,64,15,3.02,IN,1609466689
85,3464724,Avarua,-21.21,-159.78,77.0,88,98,6.93,CK,1609466407
86,3464724,Airai,-8.93,125.41,72.66,83,73,2.06,TL,1609466689
87,3464724,Raahe,64.68,24.48,28.99,92,90,6.93,FI,1609466690
88,3464724,Honiara,-9.43,159.95,91.4,55,40,5.82,SB,1609466456
89,3464724,Manado,1.49,124.85,87.8,66,20,5.82,ID,1609466426
90,3464724,Walvis Bay,-22.96,14.51,61.0,82,100,12.75,NA,1609466691
91,3464724,Shāhābād,27.65,79.95,45.66,68,0,2.93,IN,1609466691
92,3464724,Severo-Kuril'sk,50.68,156.12,30.7,95,100,9.73,RU,1609466691
93,3464724,Teyateyaneng,-29.15,27.75,62.15,78,100,1.32,LS,1609466691
94,3464724,Khatanga,71.97,102.5,-27.81,83,93,13.27,RU,1609466692
95,3464724,Bucerías,20.75,-105.33,66.2,48,5,4.7,MX,1609466692
96,3464724,Bilibino,68.05,166.44,-33.52,80,100,1.83,RU,1609466424
97,3464724,Bengkulu,-3.8,102.27,83.77,63,83,2.62,ID,1609466692
98,3464724,High Level,58.52,-117.14,12.2,92,90,9.17,CA,1609466693
99,3464724,Kumluca,36.37,30.29,58.6,66,89,4.81,TR,1609466693
100,3464724,Paamiut,61.99,-49.67,29.95,95,90,7.47,GL,1609466414
101,3464724,Bushenyi,-0.59,30.21,59.0,97,100,1.39,UG,1609466693
102,3464724,Baharly,38.44,57.43,33.03,80,0,9.15,TM,1609466430
103,3464724,Matara,5.95,80.54,77.68,77,77,12.66,LK,1609466693
104,3464724,Fairbanks,64.84,-147.72,3.0,69,1,3.2,US,1609466396
105,3464724,Buala,-8.14,159.59,85.73,66,37,3.6,SB,1609466694
106,3464724,Arraial do Cabo,-22.97,-42.03,74.86,88,52,20.45,BR,1609466694
107,3464724,Kiruna,67.86,20.23,26.6,92,100,8.05,SE,1609466694
108,3464724,Amboasary,-25.03,46.38,77.0,78,20,13.87,MG,1609466694
109,3464724,Faruka,31.89,72.41,44.13,47,0,3.11,PK,1609466694
110,3464724,Mehamn,71.04,27.85,25.14,95,21,9.71,NO,1609466694
111,3464724,College,64.86,-147.8,3.0,69,1,3.31,US,1609466694
112,3464724,Berdigestyakh,62.1,126.7,-25.28,85,100,6.62,RU,1609466695
113,3464724,Diré,12.28,-10.97,72.41,27,0,2.3,ML,1609466695
114,3464724,Issoire,45.55,3.25,35.6,93,75,3.53,FR,1609466695
115,3464724,Terrace,54.52,-128.6,30.2,100,90,6.93,CA,1609466451
116,3464724,Mount Gambier,-37.83,140.77,80.6,51,0,6.93,AU,1609466695
117,3464724,Mtwango,-9.02,34.8,58.41,97,100,3.49,TZ,1609466695
118,3464724,Laas,46.62,10.7,24.01,85,5,2.55,IT,1609466696
119,3464724,Lavrentiya,65.58,-171.0,25.72,97,100,10.45,RU,1609466696
120,3464724,Itaituba,-4.28,-55.98,75.25,94,100,1.92,BR,1609466697
121,3464724,Bluff,-46.6,168.33,62.01,75,98,4.0,NZ,1609466457
122,3464724,Mar del Plata,-38.0,-57.56,64.99,67,0,2.24,AR,1609466697
123,3464724,Brae,60.4,-1.35,39.2,86,85,17.22,GB,1609466697
124,3464724,Isangel,-19.55,169.27,82.08,76,100,13.47,VU,1609466456
125,3464724,Agüimes,27.91,-15.45,64.4,52,75,12.75,ES,1609466697
126,3464724,Hasaki,35.73,140.83,46.0,41,20,8.05,JP,1609466435
127,3464724,Butaritari,3.07,172.79,81.07,77,94,17.87,KI,1609466698
128,3464724,Tālbahat,25.05,78.43,49.26,51,0,3.49,IN,1609466698
129,3464724,Erciş,39.03,43.36,19.4,85,0,5.82,TR,1609466699
130,3464724,Alekseyevsk,57.84,108.35,-30.69,82,100,2.53,RU,1609466699
131,3464724,Forsytheganj,52.63,29.73,36.64,96,100,10.49,BY,1609466699
132,3464724,Bukachacha,52.98,116.92,-13.76,77,0,2.75,RU,1609466699
133,3464724,Iqaluit,63.75,-68.51,-7.6,63,20,2.24,CA,1609466699
134,3464724,Luganville,-15.53,167.17,86.0,74,75,8.05,VU,1609466699
135,3464724,Novaya Ladoga,60.1,32.3,32.0,99,95,5.82,RU,1609466699
136,3464724,Ayan,56.45,138.17,-11.94,75,100,15.39,RU,1609466427
137,3464724,Tasiilaq,65.61,-37.64,30.2,92,100,39.15,GL,1609466700
138,3464724,Qaanaaq,77.48,-69.36,17.44,93,100,7.27,GL,1609466447
139,3464724,Rodrigues Alves,-7.74,-72.65,73.45,95,100,1.19,BR,1609466700
140,3464724,Lagoa,39.05,-27.98,59.2,76,100,15.32,PT,1609466700
141,3464724,Vaini,-21.2,-175.2,84.2,74,75,10.29,TO,1609466457
142,3464724,Cidreira,-30.18,-50.21,67.95,69,0,7.2,BR,1609466700
143,3464724,Khovd,48.01,91.64,-6.21,75,0,1.72,MN,1609466701
144,3464724,Maple Creek,49.92,-109.48,24.8,85,0,1.12,CA,1609466701
145,3464724,Sokoto,13.06,5.24,70.5,22,2,6.6,NG,1609466701
146,3464724,Cabo San Lucas,22.89,-109.91,64.4,42,5,10.29,MX,1609466702
147,3464724,Chegdomyn,51.12,133.02,-24.75,79,2,0.98,RU,1609466427
148,3464724,Sitka,57.05,-135.33,39.2,80,90,8.05,US,1609466624
149,3464724,Chippewa Falls,44.94,-91.39,19.99,79,90,8.05,US,1609466702
150,3464724,Aklavik,68.22,-135.01,-11.2,83,73,1.12,CA,1609466703
151,3464724,Mīnāb,27.15,57.08,46.4,45,0,2.24,IR,1609466432
152,3464724,Port Moresby,-9.44,147.18,83.46,69,100,2.86,PG,1609466703
153,3464724,Hornepayne,49.21,-84.77,20.86,97,86,9.08,CA,1609466703
154,3464724,Crato,-7.23,-39.41,76.51,64,89,5.88,BR,1609466703
155,3464724,Clyde River,70.47,-68.59,-2.2,77,1,8.05,CA,1609466704
156,3464724,Beringovskiy,63.05,179.32,3.6,92,100,17.07,RU,1609466704
157,3464724,Tura,25.52,90.22,60.53,64,30,3.06,IN,1609466704
158,3464724,Kayes,14.0,-11.0,76.41,24,0,1.21,ML,1609466704
159,3464724,Lebu,-37.62,-73.65,57.2,76,100,20.58,CL,1609466704
160,3464724,Mitchell,43.71,-98.03,15.8,85,1,4.7,US,1609466704
161,3464724,Leh,34.17,77.58,2.21,54,98,1.07,IN,1609466704
162,3464724,Castro,-24.79,-50.01,61.99,94,100,3.65,BR,1609466705
163,3464724,Dikson,73.51,80.55,-11.85,87,100,15.95,RU,1609466705
164,3464724,Ushtobe,45.25,77.98,12.96,95,100,5.64,KZ,1609466705
165,3464724,Hofn,64.25,-15.21,29.28,86,0,6.2,IS,1609466705
166,3464724,Flin Flon,54.77,-101.86,1.69,93,0,3.09,CA,1609466705
167,3464724,Lüderitz,-26.65,15.16,64.4,68,18,19.46,NA,1609466705
168,3464724,Berlevåg,70.86,29.09,27.84,94,14,9.57,NO,1609466706
169,3464724,São Joaquim,-28.29,-49.93,56.61,100,71,2.71,BR,1609466706
170,3464724,Kyshtovka,56.55,76.63,-12.19,89,89,4.85,RU,1609466426
171,3464724,Guerrero Negro,27.98,-114.06,58.19,73,0,11.27,MX,1609466706
172,3464724,Niamey,13.51,2.11,73.4,20,0,3.36,NE,1609466706
173,3464724,Praia,14.92,-23.51,71.6,83,0,18.34,CV,1609466706
174,3464724,Ouango,4.31,22.56,69.4,71,99,2.8,CF,1609466706
175,3464724,Kota Belud,6.35,116.43,82.4,78,20,2.24,MY,1609466707
176,3464724,Ligayan,4.65,119.47,81.91,77,100,6.08,PH,1609466707
177,3464724,Ballina,-28.87,153.57,80.6,74,40,14.99,AU,1609466707
178,3464724,Hamilton,39.18,-84.53,32.0,86,90,11.41,US,1609466707
179,3464724,São Filipe,14.9,-24.5,73.92,77,0,6.67,CV,1609466707
180,3464724,Ames,42.03,-93.62,17.01,85,1,5.82,US,1609466707
181,3464724,Chitipa,-9.7,33.27,64.17,89,100,1.12,MW,1609466708
182,3464724,Beyneu,45.32,55.2,27.34,86,0,13.98,KZ,1609466429
183,3464724,Bida,9.08,6.02,75.0,28,37,3.71,NG,1609466708
184,3464724,Nome,64.5,-165.41,25.0,85,90,13.87,US,1609466708
185,3464724,Puerto del Rosario,28.5,-13.86,62.6,63,0,10.29,ES,1609466669
186,3464724,Torbay,47.67,-52.73,39.0,100,90,33.33,CA,1609466708
187,3464724,Narsaq,60.92,-46.05,32.0,98,96,2.51,GL,1609466708
188,3464724,Constitución,-35.33,-72.42,59.86,70,99,12.39,CL,1609466709
189,3464724,Souillac,-20.52,57.52,77.0,69,40,14.99,MU,1609466709
190,3464724,Bathsheba,13.22,-59.52,78.8,74,20,18.34,BB,1609466709
191,3464724,Port Macquarie,-31.43,152.92,75.99,80,86,1.99,AU,1609466709
192,3464724,Phalombe,-15.81,35.65,68.83,93,100,2.39,MW,1609466709
193,3464724,Red Wing,44.56,-92.53,19.4,85,40,8.05,US,1609466710
194,3464724,Bonavista,48.65,-53.11,35.6,100,100,5.82,CA,1609466710
195,3464724,Cockburn Town,21.46,-71.14,78.15,75,1,25.37,TC,1609466710
196,3464724,Kudahuvadhoo,2.67,72.89,82.31,73,100,5.97,MV,1609466710
197,3464724,Nikolskoye,59.7,30.79,34.0,99,90,2.24,RU,1609466710
198,3464724,Ponta do Sol,32.67,-17.1,59.0,72,75,9.17,PT,1609466710
199,3464724,Taksimo,56.34,114.88,-20.76,78,23,1.25,RU,1609466710
200,3464724,Chato,-2.64,31.77,64.33,89,99,3.29,TZ,1609466711
201,3464724,Hulyaypole,47.67,36.26,35.02,87,100,9.28,UA,1609466711
202,3464724,Yulara,-25.24,130.99,93.2,9,0,11.41,AU,1609466458
203,3464724,Rio Grande,-32.03,-52.1,61.0,84,0,8.37,BR,1609466711
204,3464724,Half Moon Bay,37.46,-122.43,54.0,87,1,3.36,US,1609466711
205,3464724,Fort Nelson,58.81,-122.7,14.0,85,75,3.36,CA,1609466451
206,3464724,Sept-Îles,50.2,-66.38,19.99,67,0,12.75,CA,1609466712
207,3464724,Mattru,7.62,-11.83,73.62,94,0,0.78,SL,1609466712
208,3464724,Kieta,-6.22,155.63,86.5,56,100,4.85,PG,1609466712
209,3464724,Ust'-Kut,56.79,105.77,-28.7,81,78,0.85,RU,1609466712
210,3464724,Tranås,58.04,14.98,33.8,90,100,4.7,SE,1609466712
211,3464724,Ilulissat,69.22,-51.1,26.6,79,100,13.87,GL,1609466414
212,3464724,Provideniya,64.38,-173.3,25.45,97,100,8.61,RU,1609466424
213,3464724,Namatanai,-3.67,152.43,85.64,66,92,8.25,PG,1609466713
214,3464724,Ahipara,-35.17,173.17,69.55,79,100,6.44,NZ,1609466713
215,3464724,Kefamenanu,-9.45,124.48,86.56,58,36,1.61,ID,1609466713
216,3464724,Praia da Vitória,38.73,-27.07,57.2,82,20,14.32,PT,1609466713
217,3464724,Gobabis,-22.45,18.97,68.0,82,100,3.36,NA,1609466713
218,3464724,Ryōtsu-minato,38.08,138.43,35.6,74,75,20.8,JP,1609466658
219,3464724,Kamenka,51.32,42.77,27.0,96,100,10.85,RU,1609466714
220,3464724,Esim,4.87,-2.24,78.96,87,99,5.66,GH,1609466714
221,3464724,Ciudad del Maíz,22.4,-99.6,64.0,32,37,7.0,MX,1609466714
222,3464724,Trincomalee,8.57,81.23,78.96,77,29,16.13,LK,1609466715
223,3464724,Namie,37.48,141.0,36.0,71,11,4.43,JP,1609466532
224,3464724,Necochea,-38.55,-58.74,55.99,76,2,5.28,AR,1609466715
225,3464724,Elizabeth City,36.29,-76.25,54.0,100,90,18.34,US,1609466715
226,3464724,Ware,51.81,-0.03,33.01,95,37,5.37,GB,1609466715
227,3464724,Benjamín Aceval,-24.97,-57.57,78.8,78,0,6.93,PY,1609466715
228,3464724,Nyurba,63.28,118.33,-26.84,84,16,5.82,RU,1609466715
229,3464724,Abéché,13.83,20.83,71.19,27,35,8.75,TD,1609466444
230,3464724,Mahébourg,-20.41,57.7,77.0,69,40,14.99,MU,1609466716
231,3464724,Tra Vinh,9.93,106.35,75.24,68,99,5.73,VN,1609466460
232,3464724,Litovko,49.24,135.17,-10.08,69,0,2.95,RU,1609466428
233,3464724,Telde,27.99,-15.42,64.4,52,75,12.75,ES,1609466717
234,3464724,Dulce Nombre de Culmí,15.1,-85.53,75.2,83,75,3.36,HN,1609466718
235,3464724,Muncar,-8.43,114.33,82.83,77,38,0.81,ID,1609466718
236,3464724,George Town,5.41,100.34,80.6,78,20,3.36,MY,1609466549
237,3464724,Urubichá,-15.38,-62.95,71.89,99,100,1.12,BO,1609466718
238,3464724,Gloucester,51.87,-2.24,30.0,93,50,2.35,GB,1609466718
239,3464724,Palmer,42.16,-72.33,34.0,64,90,4.7,US,1609466718
240,3464724,Bubaque,11.28,-15.83,78.44,77,0,12.08,GW,1609466718
241,3464724,Aswān,24.09,32.91,53.91,48,0,8.66,EG,1609466719
242,3464724,Nahrin,36.06,69.13,28.45,64,0,3.58,AF,1609466719
243,3464724,Tiksi,71.69,128.87,-15.83,88,100,13.11,RU,1609466423
244,3464724,Mossamedes,-15.2,12.15,69.78,79,100,4.56,AO,1609466719
245,3464724,Leningradskiy,69.38,178.42,-9.85,89,100,11.83,RU,1609466720
246,3464724,Shulan,44.42,126.95,-7.74,86,100,2.48,CN,1609466720
247,3464724,Kenitra,34.26,-6.58,42.8,100,40,6.93,MA,1609466721
248,3464724,Hithadhoo,-0.6,73.08,82.53,79,100,13.71,MV,1609466505
249,3464724,Erzin,36.96,36.2,48.2,76,40,4.7,TR,1609466721
250,3464724,East London,-33.02,27.91,68.04,71,28,22.93,ZA,1609466721
251,3464724,Henties Bay,-22.12,14.28,61.0,89,94,3.6,NA,1609466721
252,3464724,Sandeid,59.54,5.86,41.0,83,90,8.05,NO,1609466721
253,3464724,Pontianak,-0.03,109.33,77.09,91,98,5.03,ID,1609466449
254,3464724,San Jerónimo,-11.95,-75.28,51.84,73,97,1.3,PE,1609466722
255,3464724,Manche,49.0,-1.17,30.2,92,5,6.93,FR,1609466722
256,3464724,Zarechnyy,53.2,45.19,23.0,58,100,8.63,RU,1609466722
257,3464724,Raudeberg,61.99,5.14,37.99,79,16,13.24,NO,1609466722
258,3464724,Shimoda,34.67,138.95,46.4,52,20,10.29,JP,1609466492
259,3464724,Penzance,50.12,-5.54,33.01,72,12,13.87,GB,1609466722
260,3464724,Kyra,49.58,111.98,-9.36,82,34,3.74,RU,1609466723
261,3464724,Lompoc,34.64,-120.46,55.4,54,1,6.93,US,1609466638
262,3464724,Jāwā,31.85,35.94,46.4,93,75,3.36,JO,1609466723
263,3464724,Laguna,38.42,-121.42,55.4,54,1,10.29,US,1609466723
264,3464724,Kuntaur,13.67,-14.88,77.49,30,0,5.37,GM,1609466723
265,3464724,Port Elizabeth,-33.92,25.57,66.2,82,75,17.22,ZA,1609466723
266,3464724,Makkah al Mukarramah,21.43,39.83,73.36,74,0,3.96,SA,1609466723
267,3464724,Lukovetskiy,64.3,41.92,21.2,92,90,13.42,RU,1609466724
268,3464724,Pak Phanang,8.35,100.2,78.8,94,40,2.24,TH,1609466724
269,3464724,Safi,32.3,-9.24,52.2,74,0,10.98,MA,1609466724
270,3464724,Cayenne,4.93,-52.33,75.2,100,100,1.12,GF,1609466724
271,3464724,Acaraú,-2.89,-40.12,79.99,81,1,14.56,BR,1609466724
272,3464724,Khuzhir,53.19,107.34,3.72,91,64,11.79,RU,1609466725
273,3464724,Sarāhan,31.52,77.8,37.67,46,100,7.76,IN,1609466725
274,3464724,Inhambane,-23.86,35.38,78.84,88,54,8.28,MZ,1609466725
275,3464724,Marabu,4.41,114.01,82.4,83,20,3.36,MY,1609466725
276,3464724,Yerköy,39.64,34.47,40.24,69,0,3.27,TR,1609466725
277,3464724,Yumen,40.28,97.2,14.32,77,0,10.13,CN,1609466725
278,3464724,Sillod,20.3,75.65,59.0,87,45,8.99,IN,1609466725
279,3464724,Hong Kong,22.29,114.16,51.01,35,8,1.99,HK,1609466608
280,3464724,Camacha,33.08,-16.33,57.2,76,75,7.72,PT,1609466726
281,3464724,Chīpurupalle,18.3,83.57,64.96,72,32,4.68,IN,1609466726
282,3464724,Evensk,61.95,159.23,-15.34,79,0,15.46,RU,1609466726
283,3464724,Bethel,41.37,-73.41,35.6,59,40,3.36,US,1609466726
284,3464724,Kirakira,-10.45,161.92,86.63,63,60,6.17,SB,1609466726
285,3464724,Tarauacá,-8.16,-70.77,72.12,96,97,2.82,BR,1609466727
286,3464724,Paciran,-6.88,112.38,82.22,76,87,0.27,ID,1609466727
287,3464724,San Patricio,28.02,-97.52,44.6,70,1,21.92,US,1609466727
288,3464724,Mahbūbābād,17.62,80.02,65.43,86,59,3.2,IN,1609466728
289,3464724,Itarema,-2.92,-39.92,80.26,80,0,14.74,BR,1609466728
290,3464724,Coyhaique,-45.58,-72.07,57.2,62,0,4.7,CL,1609466728
291,3464724,Srednekolymsk,67.45,153.68,-30.06,84,100,7.36,RU,1609466728
292,3464724,Kavieng,-2.57,150.8,85.68,69,24,10.16,PG,1609466728
293,3464724,Durban,-29.86,31.03,73.99,94,90,5.82,ZA,1609466728
294,3464724,Vallenar,-28.57,-70.76,65.01,66,2,3.94,CL,1609466728
295,3464724,Brigantine,39.41,-74.36,42.8,75,90,5.82,US,1609466729
296,3464724,Russell,32.35,-85.2,62.6,88,90,5.57,US,1609466729
297,3464724,South Kazakhstan Region,43.0,68.0,15.31,88,0,1.57,KZ,1609466729
298,3464724,Vardø,70.37,31.11,29.7,96,92,18.19,NO,1609466729
299,3464724,Homer,59.64,-151.55,35.01,86,75,3.85,US,1609466729
300,3464724,Lorengau,-2.02,147.27,84.49,75,96,8.34,PG,1609466729
301,3464724,Kaitangata,-46.28,169.85,59.0,90,87,8.01,NZ,1609466729
302,3464724,Mitsamiouli,-11.38,43.28,80.98,69,10,2.42,KM,1609466730
303,3464724,Okhotsk,59.38,143.3,-2.42,81,100,18.52,RU,1609466730
304,3464724,Geraldton,-28.77,114.6,78.8,61,0,9.17,AU,1609466730
305,3464724,Jalu,29.03,21.55,53.17,41,0,6.73,LY,1609466443
306,3464724,Thinadhoo,0.53,72.93,81.18,79,100,10.92,MV,1609466730
307,3464724,Cap Malheureux,-19.98,57.61,78.01,71,4,7.0,MU,1609466730
308,3464724,Baicheng,45.62,122.82,-0.89,70,0,5.55,CN,1609466504
309,3464724,Turukhansk,65.82,87.98,-21.14,81,26,0.83,RU,1609466731
310,3464724,Broome,42.25,-75.83,30.99,68,90,4.7,US,1609466731
311,3464724,Watsa,3.04,29.54,69.12,67,97,2.82,CD,1609466731
312,3464724,Olafsvik,64.89,-23.71,31.82,89,13,5.03,IS,1609466732
313,3464724,Fukuechō,32.69,128.84,42.8,56,75,10.29,JP,1609466552
314,3464724,Omsukchan,62.53,155.8,-33.88,78,100,6.93,RU,1609466732
315,3464724,Bima,-8.47,118.72,82.99,75,100,1.39,ID,1609466636
316,3464724,Parrita,9.52,-84.32,69.8,94,75,5.82,CR,1609466732
317,3464724,Alice Town,25.72,-79.3,76.05,77,0,24.16,BS,1609466732
318,3464724,Palekastro,35.2,26.25,55.0,76,90,9.62,GR,1609466732
319,3464724,High Prairie,55.43,-116.49,17.6,92,100,5.82,CA,1609466733
320,3464724,Al Bardīyah,31.76,25.09,58.08,47,13,8.55,LY,1609466733
321,3464724,Fengzhen,40.44,113.15,8.08,78,0,4.65,CN,1609466580
322,3464724,Lago da Pedra,-4.33,-45.17,74.75,92,98,2.95,BR,1609466733
323,3464724,Esperance,-33.87,121.9,66.2,77,90,11.41,AU,1609466733
324,3464724,Borogontsy,62.67,131.17,-35.09,83,8,1.92,RU,1609466733
325,3464724,Saldanha,-33.01,17.94,60.8,67,0,13.87,ZA,1609466445
326,3464724,Avilés,43.55,-5.92,44.01,86,75,11.41,ES,1609466734
327,3464724,Xuzhou,34.18,117.16,29.61,81,0,9.55,CN,1609466734
328,3464724,Atar,20.52,-13.05,62.35,42,0,10.58,MR,1609466734
329,3464724,Launceston,-41.45,147.17,73.0,55,90,13.87,AU,1609466734
330,3464724,Bereda,43.27,-7.54,37.99,100,98,1.99,ES,1609466734
331,3464724,Barkhan,29.9,69.53,38.5,57,0,2.68,PK,1609466734
332,3464724,Vangaindrano,-23.35,47.6,71.89,86,12,4.52,MG,1609466734
333,3464724,Sahuaripa,29.05,-109.23,50.67,46,46,7.92,MX,1609466735
334,3464724,Unity,52.45,-109.17,9.77,92,24,3.31,CA,1609466735
335,3464724,Roblin,51.23,-101.36,10.11,94,100,4.45,CA,1609466449
336,3464724,Moyo,3.66,31.72,71.19,66,100,2.73,UG,1609466735
337,3464724,Shakhtinsk,49.71,72.59,-0.4,77,75,8.95,KZ,1609466735
338,3464724,Valdivia,-39.81,-73.25,62.6,67,6,4.7,CL,1609466735
339,3464724,Aloleng,16.13,119.78,79.03,64,83,11.48,PH,1609466735
340,3464724,Burlington,39.88,-74.64,42.01,69,75,8.05,US,1609466736
341,3464724,Ca Mau,9.18,105.15,74.68,66,74,8.93,VN,1609466437
342,3464724,Segezha,63.74,34.32,29.3,98,100,10.51,RU,1609466736
343,3464724,Vanavara,60.34,102.28,-28.43,85,23,2.44,RU,1609466736
344,3464724,Dovolnoye,54.5,79.67,-20.99,87,100,4.23,RU,1609466736
345,3464724,Udachny,66.42,112.4,-25.6,74,0,6.71,RU,1609466736
346,3464724,Labuhan,-6.88,112.21,82.29,76,70,0.76,ID,1609466736
347,3464724,Catumbela,-12.43,13.55,74.86,84,100,2.37,AO,1609466737
348,3464724,Saint-Augustin,51.23,-58.65,24.37,94,33,16.87,CA,1609466737
349,3464724,São Félix do Xingu,-6.64,-51.99,74.88,77,14,2.62,BR,1609466737
350,3464724,Hailin,44.58,129.42,-9.36,81,6,7.81,CN,1609466737
351,3464724,Sabang,5.89,95.32,81.23,79,100,19.08,ID,1609466607
352,3464724,Mandera,3.94,41.87,76.08,54,45,9.13,KE,1609466599
353,3464724,Goderich,43.75,-81.72,32.0,91,59,8.05,CA,1609466447
354,3464724,Naze,28.37,129.48,55.4,87,75,2.24,JP,1609466738
355,3464724,Kota Kinabalu,5.97,116.07,82.4,78,20,2.24,MY,1609466462
356,3464724,Kangaatsiaq,68.31,-53.46,22.84,95,100,18.43,GL,1609466738
357,3464724,Saint Paul Harbor,57.79,-152.41,37.4,80,90,12.75,US,1609466738
358,3464724,Merauke,-8.47,140.33,84.0,74,91,8.77,ID,1609466459
359,3464724,Salalah,17.02,54.09,69.8,77,20,2.24,OM,1609466738
360,3464724,Sobolevo,54.43,31.9,33.6,96,100,10.09,RU,1609466738
361,3464724,Hambantota,6.12,81.12,75.2,100,90,6.93,LK,1609466739
362,3464724,Kainantu,-6.29,145.87,73.24,77,76,3.49,PG,1609466739
363,3464724,Znamenskoye,57.13,73.83,-24.54,86,30,4.88,RU,1609466739
364,3464724,Kargasok,59.06,80.86,-29.63,83,0,5.48,RU,1609466739
365,3464724,San Miguel de Cozumel,20.51,-86.95,80.6,78,40,13.87,MX,1609466739
366,3464724,Pacific Grove,36.62,-121.92,54.0,76,1,9.82,US,1609466739
367,3464724,Makaha,21.47,-158.22,82.4,69,75,13.87,US,1609466717
368,3464724,Mount Hagen,-5.86,144.23,70.88,82,100,2.62,PG,1609466740
369,3464724,Two Rivers,44.15,-87.57,16.0,85,20,6.64,US,1609466740
370,3464724,Wajid,3.81,43.25,71.29,73,0,17.92,SO,1609466740
371,3464724,Bridlington,54.08,-0.19,34.0,83,100,8.05,GB,1609466740
372,3464724,Coquimbo,-29.95,-71.34,60.8,82,39,5.82,CL,1609466740
373,3464724,São João da Barra,-21.64,-41.05,76.01,82,0,20.45,BR,1609466741
374,3464724,Moindou,-21.69,165.68,86.0,70,100,9.17,NC,1609466741
375,3464724,Galle,6.04,80.22,76.28,84,97,4.81,LK,1609466595
376,3464724,Douentza,15.0,-2.95,67.77,30,0,1.14,ML,1609466741
377,3464724,Jacareacanga,-6.22,-57.75,75.36,86,75,1.83,BR,1609466741
378,3464724,Eyl,7.98,49.82,72.66,73,52,14.79,SO,1609466741
379,3464724,Baruun-Urt,46.68,113.28,-9.76,82,99,0.54,MN,1609466741
380,3464724,Mezen',65.85,44.24,7.75,94,100,12.73,RU,1609466742
381,3464724,Tingi,-11.3,35.03,64.51,86,100,2.89,TZ,1609466742
382,3464724,Lere,10.39,8.57,63.9,35,51,3.56,NG,1609466742
383,3464724,Krasnosel'kup,65.7,82.47,-22.45,82,54,6.55,RU,1609466742
384,3464724,Alyangula,-13.85,136.42,78.8,100,75,1.12,AU,1609466457
385,3464724,Liverpool,53.41,-2.98,36.0,93,98,3.36,GB,1609466742
386,3464724,Ancud,-41.87,-73.82,57.0,76,90,8.05,CL,1609466743
387,3464724,Bambous Virieux,-20.34,57.76,78.01,69,40,14.99,MU,1609466743
388,3464724,Tottori-shi,35.5,134.23,37.4,69,75,11.41,JP,1609466738
389,3464724,Port Lincoln,-34.73,135.87,68.76,63,98,9.22,AU,1609466743
390,3464724,Manoel Urbano,-8.84,-69.26,72.14,97,100,2.59,BR,1609466743
391,3464724,Nantucket,41.28,-70.1,42.8,60,90,12.75,US,1609466624
392,3464724,Ubari,26.59,12.78,56.01,35,100,5.32,LY,1609466744
393,3464724,Wilmington,34.23,-77.94,68.0,93,90,3.36,US,1609466744
394,3464724,Hualmay,-11.1,-77.61,69.64,85,100,9.24,PE,1609466744
395,3464724,Mandalgovi,45.76,106.27,-9.74,77,21,12.97,MN,1609466744
396,3464724,Caravelas,-17.71,-39.25,74.34,84,0,5.99,BR,1609466744
397,3464724,Batticaloa,7.71,81.69,78.93,80,40,13.31,LK,1609466744
398,3464724,Kyaukse,21.6,96.13,60.8,87,33,4.7,MM,1609466745
399,3464724,Kiunga,-6.12,141.29,80.65,80,96,0.51,PG,1609466745
400,3464724,Am Timan,11.03,20.28,72.81,28,100,6.6,TD,1609466745
401,3464724,Monrovia,6.3,-10.8,79.16,87,1,6.24,LR,1609466746
402,3464724,Rawson,-43.3,-65.1,68.34,39,21,11.25,AR,1609466746
403,3464724,Batouri,4.43,14.37,68.16,40,100,1.92,CM,1609466746
404,3464724,Kajaani,64.23,27.73,24.8,92,90,3.36,FI,1609466747
405,3464724,Forest Grove,45.52,-123.11,50.0,87,90,8.05,US,1609466747
406,3464724,Sucre,-19.03,-65.26,58.73,74,0,4.65,BO,1609466747
407,3464724,Hokitika,-42.72,170.97,64.22,66,100,5.97,NZ,1609466457
408,3464724,Chapais,49.78,-74.85,5.0,84,90,3.36,CA,1609466450
409,3464724,Grafton,42.21,-71.69,32.0,74,1,9.17,US,1609466747
410,3464724,Angoche,-16.23,39.91,77.16,85,0,7.65,MZ,1609466747
411,3464724,Tomohon,1.33,124.84,87.8,66,20,5.82,ID,1609466748
412,3464724,Ulladulla,-35.35,150.47,71.6,53,40,11.41,AU,1609466483
413,3464724,Bonthe,7.53,-12.51,77.68,87,0,4.41,SL,1609466748
414,3464724,Krasnyy Chikoy,50.36,108.75,-9.44,86,100,1.16,RU,1609466748
415,3464724,Kavaratti,10.57,72.64,82.6,73,100,8.19,IN,1609466748
416,3464724,Manta,-0.95,-80.73,75.2,78,75,5.82,EC,1609466748
417,3464724,Baikunthpur,23.25,82.55,55.87,68,14,2.35,IN,1609466499
418,3464724,Ascension,30.22,-90.9,73.4,88,90,9.17,US,1609466749
419,3464724,Port-Gentil,-0.72,8.78,80.11,81,100,8.86,GA,1609466749
420,3464724,Casa Nova,-9.42,-41.13,81.25,48,2,14.23,BR,1609466749
421,3464724,Severnyy,50.68,36.55,30.2,100,90,11.18,RU,1609466749
422,3464724,Flinders,-34.58,150.86,73.99,62,100,5.99,AU,1609466749
423,3464724,Fort Smith,35.39,-94.4,39.0,93,90,12.75,US,1609466456
424,3464724,Mackay,-21.15,149.2,82.4,74,75,17.22,AU,1609466750
425,3464724,Athmallik,20.72,84.53,63.09,68,100,2.59,IN,1609466750
426,3464724,Kandrian,-6.22,149.55,85.08,68,93,3.71,PG,1609466751
427,3464724,Sivas Province,39.79,37.0,30.2,80,0,11.41,TR,1609466751
428,3464724,Vikhorevka,56.12,101.16,-18.4,75,9,0.65,RU,1609466751
429,3464724,Roald,62.58,6.13,30.2,92,66,6.93,NO,1609466751
430,3464724,San-Pédro,4.75,-6.64,77.5,89,74,4.79,CI,1609466752
431,3464724,San Cristobal,7.77,-72.22,65.77,91,93,2.24,VE,1609466752
432,3464724,Jasper,37.2,-94.35,32.0,90,40,16.11,US,1609466752
433,3464724,Omboué,-1.57,9.26,76.5,91,100,5.55,GA,1609466753
434,3464724,Chokurdakh,70.63,147.92,-20.61,88,100,8.21,RU,1609466753
435,3464724,Ixtapa,20.7,-105.2,66.2,48,5,4.7,MX,1609466753
436,3464724,Sayyan,15.17,44.32,45.01,57,43,1.05,YE,1609466753
437,3464724,Pozo Colorado,-23.49,-58.8,77.31,82,19,2.98,PY,1609466753
438,3464724,Maykor,59.01,55.88,-2.06,92,100,9.55,RU,1609466753
439,3464724,Ostrovnoy,68.05,39.51,19.44,96,100,16.8,RU,1609466753
440,3464724,Novomykolayivka,47.98,35.91,34.92,87,100,8.34,UA,1609466754
441,3464724,Avera,33.19,-82.53,57.2,97,90,6.33,US,1609466754
442,3464724,Neiafu,-18.65,-173.98,84.2,79,75,5.82,TO,1609466457
443,3464724,Lodwar,3.12,35.6,80.69,56,81,3.47,KE,1609466755
444,3464724,Nanortalik,60.14,-45.24,32.68,95,100,8.21,GL,1609466755
445,3464724,Sisimiut,66.94,-53.67,22.32,93,95,18.99,GL,1609466755
446,3464724,Sokolo,14.73,-6.12,74.1,23,0,7.34,ML,1609466755
447,3464724,Tehri,30.38,78.48,48.43,33,0,4.47,IN,1609466755
448,3464724,Puerto Carreño,6.19,-67.49,77.86,79,100,8.39,CO,1609466755
449,3464724,Wahpeton,46.27,-96.61,19.99,85,1,17.22,US,1609466756
450,3464724,Viedma,-40.81,-63.0,64.0,63,0,1.99,AR,1609466456
451,3464724,Ouallam,14.32,2.09,73.33,19,0,9.17,NE,1609466756
452,3464724,Ponérihouen,-21.08,165.4,84.04,72,100,8.84,NC,1609466756
453,3464724,Bilma,18.69,12.92,63.48,25,0,7.63,NE,1609466756
454,3464724,Grand Gaube,-20.01,57.66,78.01,71,3,7.0,MU,1609466756
455,3464724,Havøysund,71.0,24.66,28.4,74,29,16.11,NO,1609466757
456,3464724,Polunochnoye,60.87,60.42,-28.62,86,81,0.47,RU,1609466757
457,3464724,Katangli,51.71,143.23,-6.07,81,100,15.3,RU,1609466757
458,3464724,Baishishan,43.58,127.57,-3.75,84,100,4.74,CN,1609466582
459,3464724,Moa,20.66,-74.94,75.36,77,3,16.69,CU,1609466758
460,3464724,Amapá,1.0,-52.0,72.59,97,100,2.24,BR,1609466758
461,3464724,Buin,-33.73,-70.75,71.6,35,0,11.41,CL,1609466758
462,3464724,Conakry,9.54,-13.68,79.5,81,0,8.3,GN,1609466724
463,3464724,Kalangala,-0.31,32.23,66.2,93,75,6.93,UG,1609466759
464,3464724,Busko-Zdrój,50.47,20.72,35.01,1,100,1.77,PL,1609466759
465,3464724,La Unión,-5.4,-80.75,73.26,66,92,11.32,PE,1609466760
466,3464724,Caucaia,-3.74,-38.65,82.4,78,40,12.75,BR,1609466760
467,3464724,Bauchi,10.5,10.0,66.45,33,0,4.54,NG,1609466760
468,3464724,Slavsk,55.04,21.68,29.88,98,1,3.27,RU,1609466760
469,3464724,Makarov,48.63,142.8,7.25,86,48,5.79,RU,1609466760
470,3464724,Americus,32.07,-84.23,68.0,88,90,3.36,US,1609466760
471,3464724,Canutama,-6.53,-64.38,74.82,86,0,2.59,BR,1609466760
472,3464724,Benidorm,38.54,-0.13,50.0,63,100,1.01,ES,1609466756
473,3464724,Kruisfontein,-34.0,24.73,62.01,90,61,3.0,ZA,1609466762
474,3464724,Xudat,41.63,48.68,40.39,81,1,4.99,AZ,1609466762
475,3464724,Moses Lake,47.13,-119.28,33.8,86,90,3.36,US,1609466762
476,3464724,Tuatapere,-46.13,167.68,62.01,75,97,4.0,NZ,1609466762
477,3464724,Marawi,8.0,124.29,81.0,82,98,1.99,PH,1609466762
478,3464724,San Policarpo,12.18,125.51,82.51,72,16,9.8,PH,1609466762
479,3464724,Muzhi,65.37,64.67,-27.62,85,10,1.19,RU,1609466763
480,3464724,Touros,-5.2,-35.46,78.8,83,40,8.05,BR,1609466763
481,3464724,Vila Franca do Campo,37.72,-25.43,55.4,82,20,9.17,PT,1609466763
482,3464724,Nānākuli,21.39,-158.15,82.4,51,20,10.29,US,1609466763
483,3464724,Havre-St-Pierre,50.23,-63.6,19.4,79,1,16.11,CA,1609466763
484,3464724,Sungai Penuh,-2.08,101.38,74.91,67,71,2.04,ID,1609466763
485,3464724,Bereket,39.24,55.52,29.5,94,0,15.9,TM,1609466763
486,3464724,Hervey Bay,-25.3,152.85,84.0,64,54,7.0,AU,1609466764
487,3464724,Xapuri,-10.65,-68.5,72.16,97,100,5.17,BR,1609466764
488,3464724,Pochutla,15.74,-96.47,78.8,54,40,17.22,MX,1609466764
489,3464724,Andenes,69.31,16.12,37.4,69,66,19.46,NO,1609466765
490,3464724,Ossora,59.24,163.07,-0.58,86,100,16.28,RU,1609466765
491,3464724,Lázaro Cárdenas,17.96,-102.2,71.04,74,0,5.39,MX,1609466765
492,3464724,Agirish,61.92,63.02,-27.44,86,0,0.81,RU,1609466765
493,3464724,Yenotayevka,47.25,47.03,27.79,94,100,10.11,RU,1609466765
494,3464724,Lubao,14.92,120.55,77.0,65,75,11.41,PH,1609466765
495,3464724,Tommot,58.96,126.29,-21.08,81,100,11.88,RU,1609466765
496,3464724,Leeuwarden,53.2,5.81,37.0,89,75,4.7,NL,1609466766
497,3464724,Antofagasta,-23.65,-70.4,66.2,82,75,10.29,CL,1609466630
498,3464724,Kara,9.55,1.19,72.9,26,63,2.93,TG,1609466766
499,3464724,Havelock,34.88,-76.9,66.99,100,90,9.17,US,1609466766
500,3464724,Alugan,12.22,125.48,82.53,72,17,9.51,PH,1609466766
501,3464724,Tongchuanshi,35.08,109.09,29.64,67,0,1.41,CN,1609466766
502,3464724,Vostok,46.49,135.88,-17.09,83,100,5.68,RU,1609466766
503,3464724,Bandarbeyla,9.49,50.81,73.13,72,73,14.99,SO,1609466767
504,3464724,Bānswāra,23.55,74.45,58.86,69,0,3.4,IN,1609466767
505,3464724,Harper,4.38,-7.72,78.35,85,28,5.97,LR,1609466767
506,3464724,Dvinskoy,62.15,45.12,16.63,96,100,9.82,RU,1609466767
507,3464724,Nabire,-3.37,135.48,85.12,70,72,4.12,ID,1609466767
508,3464724,Departamento de Maldonado,-34.67,-54.92,64.4,68,0,4.7,UY,1609466767
509,3464724,Medicine Hat,50.05,-110.67,19.4,78,20,2.24,CA,1609466768
510,3464724,Januária,-15.48,-44.37,71.64,73,0,1.16,BR,1609466768
511,3464724,Longyearbyen,78.22,15.64,30.2,92,75,3.36,SJ,1609466768
512,3464724,Béjar,40.39,-5.76,37.99,75,99,13.0,ES,1609466768
513,3464724,Sargūr,11.98,76.42,62.6,93,40,5.82,IN,1609466768
514,3464724,Korla,41.76,86.15,14.54,90,67,2.91,CN,1609466768
515,3464724,Kloulklubed,7.04,134.26,86.0,74,75,4.7,PW,1609466768
516,3464724,Sorong,-0.88,131.25,84.52,72,50,2.35,ID,1609466769
517,3464724,Tazmalt,36.39,4.4,41.0,75,0,10.29,DZ,1609466769
518,3464724,Norrtälje,59.76,18.7,39.0,100,40,4.7,SE,1609466769
519,3464724,Hūn,29.13,15.95,52.48,82,81,4.34,LY,1609466769
520,3464724,Korgen,66.08,13.82,14.0,92,36,2.24,NO,1609466769
521,3464724,Daru,-9.08,143.21,82.56,79,98,6.38,PG,1609466769
522,3464724,Barra de Tecoanapa,16.52,-98.75,74.95,73,0,8.99,MX,1609466769
523,3464724,Grand-Santi,4.25,-54.38,72.66,96,99,2.3,GF,1609466770
524,3464724,Kununurra,-15.77,128.73,95.0,50,0,6.93,AU,1609466770
525,3464724,Bodden Town,19.28,-81.25,80.6,74,20,9.17,KY,1609466770
526,3464724,Dinagat,9.96,125.59,82.63,75,27,13.33,PH,1609466770
527,3464724,Arrondissement d'Ajaccio,42.0,8.92,46.4,87,100,6.93,FR,1609466771
528,3464724,Quatre Cocos,-20.21,57.76,78.01,69,40,14.99,MU,1609466771
529,3464724,Mutsu,41.29,141.22,19.4,85,75,2.24,JP,1609466771
530,3464724,Valleyview,55.07,-117.29,23.0,92,91,12.75,CA,1609466771
531,3464724,Hoi An,15.88,108.33,68.0,72,75,6.93,VN,1609466705
532,3464724,Hwange,-18.37,26.5,69.85,93,100,0.81,ZW,1609466771
533,3464724,Gazli,40.13,63.45,23.2,86,0,11.48,UZ,1609466772
534,3464724,Changqing,36.56,116.73,32.0,35,0,1.01,CN,1609466473
535,3464724,Coro,11.4,-69.67,75.54,82,83,9.69,VE,1609466772
536,3464724,Doctor Juan León Mallorquín,-25.4,-55.27,77.0,83,0,6.93,PY,1609466772
537,3464724,Los Llanos de Aridane,28.66,-17.92,62.6,77,90,9.17,ES,1609466772
538,3464724,Hobyo,5.35,48.53,76.68,73,50,16.84,SO,1609466772
539,3464724,Nishihara,26.18,127.76,62.6,59,40,16.11,JP,1609466772
540,3464724,Marrakesh,31.63,-8.01,42.8,81,0,3.36,MA,1609466772
541,3464724,Baijiantan,45.63,85.18,7.25,94,100,0.89,CN,1609466773
542,3464724,Lucea,18.45,-78.17,78.8,74,20,13.87,JM,1609466773
543,3464724,Wajima,37.4,136.9,30.2,92,90,6.93,JP,1609466517
544,3464724,Sunrise Manor,36.21,-115.07,48.99,61,90,12.75,US,1609466774
545,3464724,Red Bluff,40.18,-122.24,55.4,47,1,8.05,US,1609466774
546,3464724,Grindavik,63.84,-22.43,32.0,81,75,3.36,IS,1609466774
547,3464724,Puerto Colombia,10.99,-74.95,80.6,78,0,10.29,CO,1609466774
548,3464724,Corning,42.14,-77.05,32.0,96,90,3.09,US,1609466774
549,3464724,Tornio,65.85,24.15,30.2,92,90,8.05,FI,1609466774
550,3464724,Şebinkarahisar,40.29,38.42,31.37,88,0,3.51,TR,1609466775
551,3464724,Esmeraldas,-19.76,-44.31,78.8,61,75,9.17,BR,1609466775
552,3464724,Wharton,29.31,-96.1,46.4,81,40,10.29,US,1609466775
553,3464724,Mogadishu,2.04,45.34,76.23,82,0,16.28,SO,1609466776
554,3464724,Acajutla,13.59,-89.83,69.01,93,77,8.61,SV,1609466776
555,3464724,Mwandiga,-4.83,29.66,70.23,79,96,3.36,TZ,1609466776
556,3464724,Port Augusta,-32.5,137.77,77.0,47,0,10.29,AU,1609466776
557,3464724,Dunedin,-45.87,170.5,57.0,89,100,3.0,NZ,1609466776
558,3464724,Margate,51.38,1.39,35.01,83,94,1.01,GB,1609466777
559,3464724,Arman',59.7,150.17,-4.88,77,100,18.66,RU,1609466777
560,3464724,St. George's,12.06,-61.75,78.8,78,75,11.41,GD,1609466777
561,3464724,Kanakeravan,40.25,44.53,14.0,85,0,1.12,AM,1609466777
562,3464724,Maumere,-8.62,122.21,82.63,68,91,3.44,ID,1609466777
563,3464724,Sinnamary,5.38,-52.95,78.3,86,100,7.05,GF,1609466777
564,3464724,Zhigansk,66.77,123.37,-24.11,84,100,17.69,RU,1609466777
565,3464724,Goundi,9.36,17.37,72.48,30,100,4.05,TD,1609466778
566,3464724,Río Tercero,-32.17,-64.11,69.01,48,0,1.99,AR,1609466779
567,3464724,Nkhotakota,-12.93,34.3,73.13,90,100,4.7,MW,1609466779
568,3464724,Kaeo,-35.1,173.78,69.1,72,71,7.92,NZ,1609466779
569,3464724,Gornopravdinsk,60.05,69.9,-26.84,85,0,3.85,RU,1609466779
570,3464724,Brewster,41.4,-73.62,35.6,59,40,3.36,US,1609466779
571,3464724,Sulina,45.16,29.65,50.16,91,0,12.64,RO,1609466780
572,3464724,Diamantino,-14.41,-56.45,76.73,74,12,3.56,BR,1609466780
